{
    "id": "623101b1985303d74ae9f8f8",
    "name": "onNewAdverseEventInsert",
    "type": "DATABASE",
    "config": {
        "operation_types": [
            "INSERT"
        ],
        "database": "SearchContent",
        "collection": "VAERS2022",
        "service_name": "mongodb-atlas",
        "match": {},
        "project": {},
        "full_document": true,
        "full_document_before_change": false,
        "unordered": true
    },
    "disabled": false,
    "event_processors": {
        "FUNCTION": {
            "config": {
                "function_name": "enrichDocsWithNer"
            }
        }
    }
}
